{"title":"","id":1,"dateAdded":1278687756231000,"lastModified":1278687756232000,"type":"text/x-moz-place-container","root":"placesRoot","children":[{"title":"Menú Marcadores","id":2,"parent":1,"dateAdded":1278687756231000,"lastModified":1278687756382000,"type":"text/x-moz-place-container","root":"bookmarksMenuFolder","children":[{"title":"Añadidos recientemente","id":7,"parent":2,"annos":[{"name":"Places/SmartBookmark","flags":0,"expires":4,"mimeType":null,"type":3,"value":"RecentlyBookmarked"}],"type":"text/x-moz-place","uri":"place:folder=BOOKMARKS_MENU&folder=UNFILED_BOOKMARKS&folder=TOOLBAR&sort=12&excludeQueries=1&excludeItemIfParentHasAnnotation=livemark%2FfeedURI&maxResults=10&queryType=1"},{"index":1,"title":"Etiquetas recientes","id":8,"parent":2,"annos":[{"name":"Places/SmartBookmark","flags":0,"expires":4,"mimeType":null,"type":3,"value":"RecentTags"}],"type":"text/x-moz-place","uri":"place:sort=14&type=6&maxResults=10&queryType=1"},{"index":2,"title":"","id":9,"parent":2,"dateAdded":1278687756350000,"lastModified":1278687756350000,"type":"text/x-moz-place-separator"},{"index":3,"title":"Consiga complementos para marcadores","id":10,"parent":2,"dateAdded":1278687756376000,"lastModified":1278687756380000,"type":"text/x-moz-place","uri":"https://addons.mozilla.org/es-ES/firefox/bookmarks/"},{"index":4,"title":"","id":13,"parent":2,"dateAdded":1278687756381000,"lastModified":1278687756381000,"type":"text/x-moz-place-separator"},{"index":5,"title":"Mozilla Firefox","id":14,"parent":2,"dateAdded":1278687756382000,"lastModified":1278687756385000,"type":"text/x-moz-place-container","children":[{"title":"Ayuda y tutoriales","id":15,"parent":14,"dateAdded":1278687756382000,"lastModified":1278687756382000,"type":"text/x-moz-place","uri":"http://www.mozilla.com/es-ES/firefox/help/"},{"index":1,"title":"Personalice Firefox","id":16,"parent":14,"dateAdded":1278687756383000,"lastModified":1278687756383000,"type":"text/x-moz-place","uri":"http://www.mozilla.com/es-ES/firefox/customize/"},{"index":2,"title":"¡Involúcrese!","id":17,"parent":14,"dateAdded":1278687756383000,"lastModified":1278687756385000,"type":"text/x-moz-place","uri":"http://www.mozilla.com/es-ES/firefox/community/"},{"index":3,"title":"Acerca de nosotros","id":18,"parent":14,"dateAdded":1278687756385000,"lastModified":1278687756386000,"type":"text/x-moz-place","uri":"http://www.mozilla.com/es-ES/firefox/about/"}]}]},{"index":1,"title":"Barra de herramientas de marcadores","id":3,"parent":1,"dateAdded":1278687756231000,"lastModified":1278687756381000,"annos":[{"name":"bookmarkProperties/description","flags":0,"expires":4,"mimeType":null,"type":3,"value":"Añada marcadores a esta carpeta para verlos en la barra de herramientas de marcadores"}],"type":"text/x-moz-place-container","root":"toolbarFolder","children":[{"title":"Más visitados","id":6,"parent":3,"annos":[{"name":"Places/SmartBookmark","flags":0,"expires":4,"mimeType":null,"type":3,"value":"MostVisited"}],"type":"text/x-moz-place","uri":"place:sort=8&redirectsMode=2&maxResults=10"},{"index":1,"title":"Comenzar a usar Firefox","id":11,"parent":3,"dateAdded":1278687756380000,"lastModified":1278687756381000,"type":"text/x-moz-place","uri":"http://www.mozilla.com/es-ES/firefox/central/"},{"index":2,"title":"Últimas noticias","id":12,"parent":3,"dateAdded":1278687756381000,"lastModified":1278687782935000,"livemark":1,"annos":[{"name":"placesInternal/READ_ONLY","flags":0,"expires":4,"mimeType":null,"type":1,"value":1},{"name":"livemark/feedURI","flags":0,"expires":4,"mimeType":null,"type":3,"value":"http://fxfeeds.mozilla.com/es-ES/firefox/headlines.xml"},{"name":"livemark/siteURI","flags":0,"expires":4,"mimeType":null,"type":3,"value":"http://www.20minutos.es/"},{"name":"livemark/expiration","flags":0,"expires":4,"mimeType":null,"type":2,"value":1278691382868}],"type":"text/x-moz-place-container","children":[]}]},{"index":2,"title":"Etiquetas","id":4,"parent":1,"dateAdded":1278687756231000,"lastModified":1278687756232000,"type":"text/x-moz-place-container","root":"tagsFolder","children":[]},{"index":3,"title":"Marcadores sin clasificar","id":5,"parent":1,"dateAdded":1278687756232000,"lastModified":1278687756347000,"type":"text/x-moz-place-container","root":"unfiledBookmarksFolder","children":[]}]}