{"title":"","id":1,"dateAdded":1279832912938012,"lastModified":1279832912938620,"type":"text/x-moz-place-container","root":"placesRoot","children":[{"title":"Menú Marcadores","id":2,"parent":1,"dateAdded":1279832912938299,"lastModified":1279832912981319,"type":"text/x-moz-place-container","root":"bookmarksMenuFolder","children":[{"title":"Añadidos recientemente","id":7,"parent":2,"annos":[{"name":"Places/SmartBookmark","flags":0,"expires":4,"mimeType":null,"type":3,"value":"RecentlyBookmarked"}],"type":"text/x-moz-place","uri":"place:folder=BOOKMARKS_MENU&folder=UNFILED_BOOKMARKS&folder=TOOLBAR&sort=12&excludeQueries=1&excludeItemIfParentHasAnnotation=livemark%2FfeedURI&maxResults=10&queryType=1"},{"index":1,"title":"Etiquetas recientes","id":8,"parent":2,"annos":[{"name":"Places/SmartBookmark","flags":0,"expires":4,"mimeType":null,"type":3,"value":"RecentTags"}],"type":"text/x-moz-place","uri":"place:sort=14&type=6&maxResults=10&queryType=1"},{"index":2,"title":"","id":9,"parent":2,"dateAdded":1279832912977271,"lastModified":1279832912977271,"type":"text/x-moz-place-separator"},{"index":3,"title":"","id":13,"parent":2,"dateAdded":1279832912981319,"lastModified":1279832912981319,"type":"text/x-moz-place-separator"}]},{"index":1,"title":"Barra de herramientas de marcadores","id":3,"parent":1,"dateAdded":1279832912938395,"lastModified":1279832912980971,"annos":[{"name":"bookmarkProperties/description","flags":0,"expires":4,"mimeType":null,"type":3,"value":"Añada aquí sus marcadores para que aparezcan en la Barra de Herramientas de Marcadores"}],"type":"text/x-moz-place-container","root":"toolbarFolder","children":[{"title":"Más visitados","id":6,"parent":3,"annos":[{"name":"Places/SmartBookmark","flags":0,"expires":4,"mimeType":null,"type":3,"value":"MostVisited"}],"type":"text/x-moz-place","uri":"place:sort=8&redirectsMode=2&maxResults=10"},{"index":1,"title":"Educa Madrid","id":10,"parent":3,"dateAdded":1279832912979955,"lastModified":1279832912980279,"type":"text/x-moz-place","uri":"http://www.educa.madrid.org/"},{"index":2,"title":"Foro MaX","id":11,"parent":3,"dateAdded":1279832912980440,"lastModified":1279832912980790,"type":"text/x-moz-place","uri":"http://herramientas.educa.madrid.org/foros/index.php?c=1"},{"index":3,"title":"AulaVirtual","id":12,"parent":3,"dateAdded":1279832912980971,"lastModified":1279832912981259,"type":"text/x-moz-place","uri":"http://aulavirtual2.educa.madrid.org/course/category.php?id=3"}]},{"index":2,"title":"Etiquetas","id":4,"parent":1,"dateAdded":1279832912938514,"lastModified":1279832912939090,"type":"text/x-moz-place-container","root":"tagsFolder","children":[]},{"index":3,"title":"Marcadores sin clasificar","id":5,"parent":1,"dateAdded":1279832912938620,"lastModified":1279832912974120,"type":"text/x-moz-place-container","root":"unfiledBookmarksFolder","children":[]}]}